{
    "car_types": [
        {
            "id": 0,
            "capacity": 25,
            "cost": 1.2
        },
        {
            "id": 1,
            "capacity": 30,
            "cost": 1.5
        }
    ],
    "depot": [
        4.4184,
        114.0932
    ],
    "custs": [
        {
            "id": 11,
            "pt": [
                4.942626798457884,
                113.85721075522267
            ],
            "demand": 9
        },
        {
            "id": 12,
            "pt": [
                4.548091853803476,
                113.97173792852514
            ],
            "demand": 6
        },
        {
            "id": 13,
            "pt": [
                4.979899487422911,
                114.72437956770484
            ],
            "demand": 6
        },
        {
            "id": 14,
            "pt": [
                4.89369251244904,
                113.86398267948178
            ],
            "demand": 6
        },
        {
            "id": 15,
            "pt": [
                4.521837974803604,
                114.33755528810336
            ],
            "demand": 5
        },
        {
            "id": 16,
            "pt": [
                4.864445062938613,
                114.54821961292241
            ],
            "demand": 13
        },
        {
            "id": 17,
            "pt": [
                4.722719820961659,
                114.28140904628385
            ],
            "demand": 9
        },
        {
            "id": 18,
            "pt": [
                5.112630456677827,
                113.83869875967807
            ],
            "demand": 7
        },
        {
            "id": 19,
            "pt": [
                5.001339394988227,
                114.172450516518
            ],
            "demand": 7
        },
        {
            "id": 20,
            "pt": [
                4.518513762107589,
                114.59569412900652
            ],
            "demand": 6
        },
        {
            "id": 21,
            "pt": [
                4.395945843380148,
                113.92891637683347
            ],
            "demand": 10
        },
        {
            "id": 22,
            "pt": [
                4.906926031366892,
                114.63932827327439
            ],
            "demand": 12
        },
        {
            "id": 23,
            "pt": [
                4.839428091454701,
                114.80531576397937
            ],
            "demand": 11
        },
        {
            "id": 24,
            "pt": [
                4.382000198078458,
                114.1253782814071
            ],
            "demand": 14
        },
        {
            "id": 25,
            "pt": [
                5.188651747936807,
                114.19383502616698
            ],
            "demand": 8
        },
        {
            "id": 26,
            "pt": [
                5.007771836214924,
                113.87802438365566
            ],
            "demand": 8
        },
        {
            "id": 27,
            "pt": [
                5.076268340788692,
                114.81742152066076
            ],
            "demand": 8
        },
        {
            "id": 28,
            "pt": [
                5.16968366675527,
                114.21232622503916
            ],
            "demand": 12
        },
        {
            "id": 29,
            "pt": [
                4.9388844442644,
                114.19703217897009
            ],
            "demand": 10
        },
        {
            "id": 30,
            "pt": [
                4.658470700227522,
                114.50237517437769
            ],
            "demand": 6
        },
        {
            "id": 31,
            "pt": [
                4.912331005666989,
                114.0033386481981
            ],
            "demand": 8
        },
        {
            "id": 32,
            "pt": [
                4.466602493761929,
                114.21165544175764
            ],
            "demand": 13
        },
        {
            "id": 33,
            "pt": [
                4.522815173970269,
                114.15648273441532
            ],
            "demand": 5
        },
        {
            "id": 34,
            "pt": [
                4.532248071964105,
                113.86430024390404
            ],
            "demand": 10
        },
        {
            "id": 35,
            "pt": [
                4.704364787022329,
                113.89838860521155
            ],
            "demand": 14
        },
        {
            "id": 36,
            "pt": [
                5.179567626472669,
                114.14687788079848
            ],
            "demand": 12
        },
        {
            "id": 37,
            "pt": [
                4.6988319010606645,
                114.74674758974055
            ],
            "demand": 12
        },
        {
            "id": 38,
            "pt": [
                4.446071590442063,
                113.97183031952551
            ],
            "demand": 13
        },
        {
            "id": 39,
            "pt": [
                4.8421772896672906,
                114.57921381165225
            ],
            "demand": 11
        },
        {
            "id": 40,
            "pt": [
                5.201022883602477,
                114.23160050514039
            ],
            "demand": 8
        }
    ]
}