{
    "car_types": [
        {
            "id": 0,
            "capacity": 25,
            "cost": 1.2
        },
        {
            "id": 1,
            "capacity": 30,
            "cost": 1.5
        }
    ],
    "depot": [
        4.4184,
        114.0932
    ],
    "custs": [
        {
            "id": 1,
            "pt": [
                4.3555,
                113.9777
            ],
            "demand": 5
        },
        {
            "id": 2,
            "pt": [
                4.3976,
                114.0049
            ],
            "demand": 8
        },
        {
            "id": 3,
            "pt": [
                4.3163,
                114.0764
            ],
            "demand": 3
        },
        {
            "id": 4,
            "pt": [
                4.3184,
                113.9932
            ],
            "demand": 6
        },
        {
            "id": 5,
            "pt": [
                4.4024,
                113.9896
            ],
            "demand": 5
        },
        {
            "id": 6,
            "pt": [
                4.4142,
                114.0127
            ],
            "demand": 8
        },
        {
            "id": 7,
            "pt": [
                4.4804,
                114.0734
            ],
            "demand": 3
        },
        {
            "id": 8,
            "pt": [
                4.3818,
                114.2034
            ],
            "demand": 6
        },
        {
            "id": 9,
            "pt": [
                4.4935,
                114.1828
            ],
            "demand": 5
        },
        {
            "id": 10,
            "pt": [
                4.4932,
                114.1322
            ],
            "demand": 8
        }
    ]
}